채널,title,views,likes,comments,published,videoId,url
SBS뉴스,"조금 특이한 카페, 누구 건물인가 보니 #shorts",2051054,15244,1456,2026-06-15T14:00:18Z,eZTZVYsHIK4,https://www.youtube.com/watch?v=eZTZVYsHIK4
SBS뉴스,"""저 촉법인데요?"" 풀려나자마자 또 차 훔쳤다..""이건 몰랐지?"" 경찰의 '참교육' 실사판 (자막뉴스) / SBS",1703640,13702,8315,2026-06-17T02:30:34Z,z4f9JowmbGI,https://www.youtube.com/watch?v=z4f9JowmbGI
SBS뉴스,"""주사기 쭉 뽑더니 꽂았다"" 초점 없는 여성..길거리서 '발칵' / SBS 8뉴스",1686034,10188,5012,2026-06-15T12:07:21Z,MCzQ9PTcD_Q,https://www.youtube.com/watch?v=MCzQ9PTcD_Q
SBS뉴스,"""방금 넷플릭스 참교육 봤는데!"" 반응 터진 '역대급 진상' 엄마들 / SBS / 모아보는 뉴스",1578188,10259,6740,2026-06-13T04:00:07Z,UKHCciSjt7g,https://www.youtube.com/watch?v=UKHCciSjt7g
SBS뉴스,배달 픽업하러 갔는데 물고기보다 못한 대우? #shorts,1288757,10536,4034,2026-06-22T12:37:19Z,_5tDR87bGzg,https://www.youtube.com/watch?v=_5tDR87bGzg
SBS뉴스,"[사건Why] 60대 바가지 씌운 휴대폰 매장..항의하는 딸에 ""XX! 장사 안 해!!"" / SBS / 뉴스헌터스",1261358,11650,8647,2026-06-11T11:51:33Z,ykNj9fEUt78,https://www.youtube.com/watch?v=ykNj9fEUt78
SBS뉴스,"기아에 웬 부뚜막 에디션?..""취재 시작되자"" 180도 돌변 (자막뉴스) / SBS",1231710,5816,3495,2026-06-16T23:59:54Z,Ax1YA5Is_dA,https://www.youtube.com/watch?v=Ax1YA5Is_dA
SBS뉴스,"""음식·물 미끼로 성착취""..국경없는의사회 추악한 민낯 (자막뉴스) / SBS",1163852,12398,6871,2026-06-17T02:26:09Z,NFCOIiJK0hw,https://www.youtube.com/watch?v=NFCOIiJK0hw
SBS뉴스,"엑셀표에 몰래 숨긴 '무번호 투표지'..""어떻게 특종했냐면"" 1만 7천장의 진실 / SBS / AFTER 8NEWS / 박찬범 정치부 기자",1064449,34090,9048,2026-06-18T09:06:11Z,_Yn-POEyB0c,https://www.youtube.com/watch?v=_Yn-POEyB0c
SBS뉴스,"월드컵 경기장 한국인 뒤에서 '눈 찢기'..""멕시코 토목공학회장?"" 신상 털리자 '일파만파' (자막뉴스) / SBS",1060532,7473,4467,2026-06-14T02:40:02Z,o1Pm6IxoEXk,https://www.youtube.com/watch?v=o1Pm6IxoEXk
SBS뉴스,픽픽 쓰러지면서도 꽂았다.. 해외 아니었어? 한국서도 '발칵' / SBS / 모아보는 뉴스,1032193,6274,2611,2026-06-20T13:00:37Z,z4q3sMHFWSQ,https://www.youtube.com/watch?v=z4q3sMHFWSQ
SBS뉴스,'판박이 장례'를 거부한 사람들..장례 2차 혁명 / SBS 뉴스토리,1019023,9642,2774,2026-06-19T12:28:06Z,0sVhVGy9eyo,https://www.youtube.com/watch?v=0sVhVGy9eyo
SBS뉴스,[단독] 가려진 곳 열자..추가 용지 70%가 '번호' 없었다 / SBS 8뉴스,1012853,27774,10301,2026-06-10T11:12:59Z,s03m3n--BBA,https://www.youtube.com/watch?v=s03m3n--BBA
SBS뉴스,"'만취 운전' 이용규 차량 단독 포착..밝혀진 술자리 '전모' ""은퇴 선언"" (자막뉴스) / SBS",1011944,3640,4736,2026-06-12T08:07:33Z,d8K7bDhXBOA,https://www.youtube.com/watch?v=d8K7bDhXBOA
SBS뉴스,"'대국민 사과' JTBC 회생 절차 개시..""빚 갚을 방법 못 찾아"" '법카'까지 막혔다 (자막뉴스) / SBS",997544,9909,12685,2026-06-15T07:33:10Z,7q4ZUGrdNus,https://www.youtube.com/watch?v=7q4ZUGrdNus
SBS뉴스,미래에셋증권 배정 스페이스X 공모주 '전량 취소' (자막뉴스) / SBS,971955,3746,2380,2026-06-13T03:45:03Z,ve-hmicTjg0,https://www.youtube.com/watch?v=ve-hmicTjg0
SBS뉴스,'BTS 뷔 컴포즈 재계약' 뜨자..사장님들 '분노' #shorts,904786,4746,1313,2026-06-23T10:00:23Z,GM7M1olh-rg,https://www.youtube.com/watch?v=GM7M1olh-rg
SBS뉴스,누가 사는지도 모르는데 '찝찝 불쾌 시선' #shorts,900843,1075,300,2026-06-20T22:00:33Z,iX8aHvNc_eQ,https://www.youtube.com/watch?v=iX8aHvNc_eQ
SBS뉴스,"""직원들 전원 사직합니다""..아파트 엘베에 붙은 '공지문' / SBS / 실시간 e뉴스",851168,5784,3139,2026-06-24T00:50:55Z,96xvQ2O1Mp4,https://www.youtube.com/watch?v=96xvQ2O1Mp4
SBS뉴스,[단독] 노태악 '옆자리 여성' 누군가 보니..국민 혈세로 '해외출장' 다녔다 / SBS 8뉴스,825369,22837,11859,2026-06-17T11:25:15Z,qtJSZxSdZfg,https://www.youtube.com/watch?v=qtJSZxSdZfg
SBS뉴스,"노태악, 국민 세금으로 아내와.. #shorts",822384,18627,1472,2026-06-17T11:41:49Z,OdZV3jHCpic,https://www.youtube.com/watch?v=OdZV3jHCpic
SBS뉴스,"인천 재활용센터에서 인체 일부 발견 ""어린 학생 가능성""..수사본부 긴급 구성 (자막뉴스) / SBS",753542,8365,4984,2026-06-11T10:19:47Z,OzLNp6LFRrU,https://www.youtube.com/watch?v=OzLNp6LFRrU
SBS뉴스,"""역시 가해자가 발 뻗고 자는 나라""..평생 피눈물 흘리던 피해자에 '철퇴' / SBS / 모아보는 뉴스",746691,10448,4979,2026-06-21T00:00:16Z,x4p8ocpDMWA,https://www.youtube.com/watch?v=x4p8ocpDMWA
SBS뉴스,[단독] 투표 용지 담아 '헐레벌떡' 질주..'초유의 사태' 그날 CCTV 입수 / SBS 8뉴스,721719,20345,5606,2026-06-23T11:23:04Z,vNdUouq2-mA,https://www.youtube.com/watch?v=vNdUouq2-mA
SBS뉴스,"아침까지 '만취 운전' 순찰차 '쾅'..""마지막 시즌 각오"" 1군 코치까지 줬는데 (자막뉴스) / SBS",693170,3550,3816,2026-06-12T04:43:44Z,GYiQMJ9ECj4,https://www.youtube.com/watch?v=GYiQMJ9ECj4
SBS뉴스,무효표 수의 비밀 '소름' #shorts,666616,16258,1352,2026-06-11T09:50:23Z,P1YqfW5ccUU,https://www.youtube.com/watch?v=P1YqfW5ccUU
SBS뉴스,"""결제까지 했는데 개장 전?"" 증언에..곡성 형제 사망 순간 담긴 CCTV까지 나왔다 (자막뉴스) / SBS",653686,3620,1861,2026-06-23T04:59:05Z,pFfA-CjLrZo,https://www.youtube.com/watch?v=pFfA-CjLrZo
SBS뉴스,순식간에 날아간 '37년'..퇴직 앞두고 삶이 무너졌다  (에디터픽) / SBS,642554,3811,974,2026-06-16T13:00:26Z,enuhlh-46no,https://www.youtube.com/watch?v=enuhlh-46no
SBS뉴스,4분간 '죽음의 폭행'..다음 날 숨진 노인 #shorts,619705,5625,733,2026-06-23T15:00:01Z,db_oNC2Jt3M,https://www.youtube.com/watch?v=db_oNC2Jt3M
SBS뉴스,"전직 선관위 직원의 '작심 폭로'..""진짜 핵심은"" 터질 게 터졌다 (자막뉴스) / SBS",599648,13993,2975,2026-06-16T00:00:11Z,4Xv0EyfyMEY,https://www.youtube.com/watch?v=4Xv0EyfyMEY
SBS뉴스,"""출장은 아내랑, 선거 직전엔 휴무""..""도대체 국민이 얼마나 우스우면.."" / SBS / 모아보는 뉴스",570022,10630,6389,2026-06-18T23:56:11Z,kpLrTqQS4p4,https://www.youtube.com/watch?v=kpLrTqQS4p4
SBS뉴스,"""여보세요"" 한마디면 끝..순식간에 '5천5백만 원' 증발 (에디터픽) / SBS",567448,4567,662,2026-06-12T13:00:11Z,HeKYPy2pArQ,https://www.youtube.com/watch?v=HeKYPy2pArQ
SBS뉴스,고속도로 한복판 멈춘 차 두 대..'유리 산산조각' 난투극 / SBS / 생생지구촌,558248,1023,375,2026-06-16T01:30:05Z,xFwLdARb0hw,https://www.youtube.com/watch?v=xFwLdARb0hw
SBS뉴스,"""발목 높이 수심인데 왜?"" 9살·11살 형제 물놀이장서 동시 사망, '감전사' 가능성 제기됐다 (자막뉴스) / SBS",537402,2618,1836,2026-06-22T04:24:02Z,zoaH9mxs354,https://www.youtube.com/watch?v=zoaH9mxs354
SBS뉴스,"""우린 못 나가"" 가우디 성당 막혔다..무책임 정치가 낳은 '막장 소송전' / SBS / AFTER 8NEWS / 권영인 파리 특파원",532818,2889,612,2026-06-15T09:20:51Z,lkqH7QpFZpM,https://www.youtube.com/watch?v=lkqH7QpFZpM
SBS뉴스,"임신 초기인데 ""배 안 나왔잖아""..6층 계단 '뺑뺑이' 여군 결국 (자막뉴스) / SBS",529063,5590,4838,2026-06-15T08:25:43Z,Fs5ceHK6nEY,https://www.youtube.com/watch?v=Fs5ceHK6nEY
SBS뉴스,"""엄마면 정신 못 차려""..""선생님 제발"" 실제 통화 '충격' (에디터픽) / SBS",500976,2955,722,2026-06-11T13:00:28Z,1fydCv5nTVw,https://www.youtube.com/watch?v=1fydCv5nTVw
KBS뉴스,"차량 수리 맡겼더니, 자가용으로 사용? #shorts / KBS",3141516,24019,1976,2026-06-16T00:00:16Z,e4W8lfEiAvA,https://www.youtube.com/watch?v=e4W8lfEiAvA
KBS뉴스,53년 동안 딱 2번뿐…올해 ‘7월 장마’ / KBS  2026.06.24.,2152674,12579,3517,2026-06-24T10:35:05Z,ET0PX_5CTlI,https://www.youtube.com/watch?v=ET0PX_5CTlI
KBS뉴스,"데뷔골 넣고 '사과 세리머니'한 스웨덴 선수, 왜? #shorts / KBS",1773069,5849,160,2026-06-16T03:00:22Z,HbSz9MnST6U,https://www.youtube.com/watch?v=HbSz9MnST6U
KBS뉴스,"멕시코전 종료 후, 이강인의 첫 마디는? #shorts / KBS",1676402,11524,1294,2026-06-19T03:39:59Z,OC9KFl__Jgw,https://www.youtube.com/watch?v=OC9KFl__Jgw
KBS뉴스,스페인 vs 카보베르데…'월드컵 최대 이변' 나왔다 #shorts / KBS,1442568,12041,988,2026-06-15T22:42:32Z,zxN1nGqJTPc,https://www.youtube.com/watch?v=zxN1nGqJTPc
KBS뉴스,사우디 vs 우루과이…아시아 돌풍 '이변' #shorts / KBS,1385410,6695,121,2026-06-16T04:48:20Z,bjL0o6uAyhk,https://www.youtube.com/watch?v=bjL0o6uAyhk
KBS뉴스,관중들 눈물…메시 해트트릭 #shorts / KBS,1225672,12958,932,2026-06-17T07:52:20Z,PRv9pH6x78w,https://www.youtube.com/watch?v=PRv9pH6x78w
KBS뉴스,호날두 '대굴욕' 포르투갈 vs 콩고민주공화국 #shorts / KBS,1087227,7512,1017,2026-06-17T22:43:30Z,AQa9Jdm7gHs,https://www.youtube.com/watch?v=AQa9Jdm7gHs
KBS뉴스,장원영 영상 파장…민원 접수 #shorts / KBS,957449,6702,2613,2026-06-16T10:00:11Z,0lme2-U0hFk,https://www.youtube.com/watch?v=0lme2-U0hFk
KBS뉴스,52년 만의 월드컵…콩고민주공화국 동점골 #shorts / KBS,795252,4145,81,2026-06-18T03:00:33Z,z-mKrDGIXAs,https://www.youtube.com/watch?v=z-mKrDGIXAs
KBS뉴스,첫 출전국 카보베르데…골키퍼 보지냐의 선방쇼 #shorts / KBS,746795,3796,499,2026-06-16T02:00:20Z,tu3ales9fnA,https://www.youtube.com/watch?v=tu3ales9fnA
KBS뉴스,호날두 단 두 번의 슈팅…허무했던 포르투갈 #shorts / KBS,698840,2860,388,2026-06-18T03:00:21Z,HcSlwcoKJWg,https://www.youtube.com/watch?v=HcSlwcoKJWg
KBS뉴스,이란 vs 뉴질랜드 '피말리는 혈투' #shorts / KBS,697721,2279,81,2026-06-16T10:30:15Z,mNIL2qjgjow,https://www.youtube.com/watch?v=mNIL2qjgjow
KBS뉴스,메시 월드컵 최다 골…아르헨티나 2:0 오스트리아 #shorts / KBS,693601,6156,651,2026-06-22T22:16:32Z,JwOnrMGmkRw,https://www.youtube.com/watch?v=JwOnrMGmkRw
KBS뉴스,조별리그 J조 2차전 아르헨티나 vs 오스트리아 / KBS 2026 북중미 월드컵 2026.06.23.,691606,4233,1955,2026-06-22T21:26:37Z,6OmKYjd6Rzg,https://www.youtube.com/watch?v=6OmKYjd6Rzg
KBS뉴스,"손흥민 교체, 분석해 보니 #shorts / KBS",677870,5333,1251,2026-06-20T07:00:33Z,HuwbHpx5ExI,https://www.youtube.com/watch?v=HuwbHpx5ExI
KBS뉴스,조별리그 K조 1차전 포르투갈 vs 콩고민주공화국 / KBS 2026 북중미 월드컵 2026.06.18.,674182,2781,2424,2026-06-17T21:39:46Z,daFQ8-loheI,https://www.youtube.com/watch?v=daFQ8-loheI
KBS뉴스,조별리그 I조 1차전 프랑스 vs 세네갈 / KBS 2026 북중미 월드컵 2026.06.17.,634661,2775,631,2026-06-16T21:39:50Z,PE2CvSWM0kg,https://www.youtube.com/watch?v=PE2CvSWM0kg
KBS뉴스,호날두도 해냈다! 포르투갈 5:0 우즈베키스탄 #shorts / KBS,624763,5986,695,2026-06-23T22:19:29Z,u9oaLbU5eLw,https://www.youtube.com/watch?v=u9oaLbU5eLw
KBS뉴스,체코 vs 남아공…홍명보호 '판 깔렸다' #shorts / KBS,603522,2730,275,2026-06-18T22:42:32Z,_xf99BR7YHw,https://www.youtube.com/watch?v=_xf99BR7YHw
KBS뉴스,월드컵 대회 초반 뒤흔든 '자책골' #shorts / KBS,557625,1768,56,2026-06-17T02:00:33Z,uueG1tVymwM,https://www.youtube.com/watch?v=uueG1tVymwM
KBS뉴스,조별리그 H조 1차전 카보베르데 vs 스페인 / KBS 2026 북중미 월드컵 2026.06.16.,526436,2560,1237,2026-06-15T21:34:29Z,5XSTs1wZBI0,https://www.youtube.com/watch?v=5XSTs1wZBI0
KBS뉴스,조별리그 A조 2차전 대한민국 vs 멕시코 / KBS 2026 북중미 월드컵 2026.06.19.,525376,1698,2353,2026-06-19T03:22:33Z,6uQPn8Wqpp8,https://www.youtube.com/watch?v=6uQPn8Wqpp8
KBS뉴스,[잇슈#태그] 돈 안 내고 월드컵 훔쳐보는 북한…‘도둑 중계’ 시작? / KBS 2026.06.18.,512706,1766,1559,2026-06-18T02:47:58Z,5i4YPqMdJME,https://www.youtube.com/watch?v=5i4YPqMdJME
KBS뉴스,"[지금뉴스] 규모 7.2 강진 직후 7.5 덮쳤다…“베네수, 최대 10만 명 사망” / KBS 2026.06.25.",508113,1862,568,2026-06-25T02:18:27Z,aOzEG9ZM3dw,https://www.youtube.com/watch?v=aOzEG9ZM3dw
KBS뉴스,"[🔴LIVE] 박문성 해설위원 남아공전에 격분 ""팀을 이따위로…어떻게 책임질 건가""/ KBS 출연 패인 분석·32강 전망/2026년 6월 25일",500303,4465,0,2026-06-25T05:59:30Z,vu4QuvFfDyQ,https://www.youtube.com/watch?v=vu4QuvFfDyQ
MBC뉴스,"집 앞 줄담배 고교생 제지하자 ""'장애인 아들' 욕""‥결국 흉기소동까지 #Shorts (MBC뉴스)",1553454,18552,4592,2026-06-16T13:00:37Z,Z0gMHyhXDKE,https://www.youtube.com/watch?v=Z0gMHyhXDKE
MBC뉴스,"""수원에서 발견된 마약 좀비?"".. 경찰 신고했더니 '충격' #Shorts (MBC뉴스)",1262910,16564,2405,2026-06-23T06:22:59Z,NL-CB-YF3hs,https://www.youtube.com/watch?v=NL-CB-YF3hs
MBC뉴스,"헬기 9대·소방 로봇까지 투입했는데‥""전쟁터 같았다"" (2026.06.16/뉴스데스크/MBC)",1231555,6587,1190,2026-06-16T11:34:26Z,k5sZRAmZZ5k,https://www.youtube.com/watch?v=k5sZRAmZZ5k
MBC뉴스,"'성조기 치마 여성' 수사 착수.. 경찰, 신원 특정 나섰다 #Shorts (MBC뉴스)",1148159,31284,7966,2026-06-17T05:10:01Z,9VrWZ_ifYe0,https://www.youtube.com/watch?v=9VrWZ_ifYe0
MBC뉴스,"피해자 두고 밖으로 '우르르', '대소름 액션' 경찰들 결국‥ #Shorts (MBC뉴스)",1100742,16327,3526,2026-06-21T10:44:57Z,bxlAjH46LrA,https://www.youtube.com/watch?v=bxlAjH46LrA
MBC뉴스,벽돌 들고 아이 뒤로 '슥'.. '오싹 신고'에 폭풍질주 #Shorts (MBC뉴스),1095722,23619,1047,2026-06-17T09:16:04Z,ZkxHHxOlPc8,https://www.youtube.com/watch?v=ZkxHHxOlPc8
MBC뉴스,70대 운전자 인도 돌진‥딸과 함께 걷던 엄마 참변 (2026.06.21/뉴스데스크/MBC),1028735,8284,6787,2026-06-21T11:26:09Z,kLstvAr3MAU,https://www.youtube.com/watch?v=kLstvAr3MAU
MBC뉴스,[오늘 이 뉴스] 무너져! '쾅' 와르르 대탈출.. '사망자 수' 가능성 섬뜩 (2026.06.25/MBC뉴스),979098,5783,553,2026-06-25T02:05:28Z,06tDfxNrq5E,https://www.youtube.com/watch?v=06tDfxNrq5E
MBC뉴스,"[자막뉴스] ""이런 미친 행정 처음 봤다"".. 콘크리트 대학살 '발칵' (MBC뉴스)",935575,11595,5513,2026-06-14T08:00:12Z,Tfzw1Jo0MwM,https://www.youtube.com/watch?v=Tfzw1Jo0MwM
MBC뉴스,"[오늘 이 뉴스] ""22일 오후 3시 영업 종료"", '논란 끝낸다' 스벅 초강수 (2026.06.15/MBC뉴스)",827388,11870,11826,2026-06-15T01:54:51Z,E999KcQypSk,https://www.youtube.com/watch?v=E999KcQypSk
MBC뉴스,"[뉴스 '꾹'] ""진짜 너무하잖아"" 터지더니.. ""돌려서 말 안 해"" 극대노  (2026.06.25/MBC뉴스)",826111,14798,8161,2026-06-25T08:30:36Z,xR1Vzig12Xw,https://www.youtube.com/watch?v=xR1Vzig12Xw
MBC뉴스,"'레이저' 쏘던 박성재, 오열하더니 결국.. #Shorts (MBC뉴스)",806489,19674,1735,2026-06-23T07:03:33Z,2SQGy4o49_o,https://www.youtube.com/watch?v=2SQGy4o49_o
MBC뉴스,"""내가 입 열면 엔터판 뒤집어져"".. 거침없던 차가원 '대반전' [뉴스.zip/MBC뉴스]",801408,5654,1878,2026-06-15T23:30:34Z,hVt1o0jil30,https://www.youtube.com/watch?v=hVt1o0jil30
MBC뉴스,"""이대로면 일본 위태롭다""..닛케이 보도에 '술렁' [뉴스.zip/MBC뉴스]",795758,7615,1301,2026-06-15T01:03:44Z,afZdIq07Lx8,https://www.youtube.com/watch?v=afZdIq07Lx8
MBC뉴스,[자막뉴스] 벽돌 들고 아이 뒤로 '슥'.. '오싹 신고'에 폭풍질주 (2026.06.17/MBC뉴스),792018,7760,1344,2026-06-17T09:04:43Z,13lXqty0Mhw,https://www.youtube.com/watch?v=13lXqty0Mhw
MBC뉴스,"""예리하게 껍질만 벗겨""‥백두대간 나무 비상 #Shorts (MBC뉴스)",789287,6191,468,2026-06-15T02:32:29Z,rDk6plBITv8,https://www.youtube.com/watch?v=rDk6plBITv8
MBC뉴스,'나한테 이 정도면 일반인은'..부르르 떤 전직 대법관 [뉴스.zip/MBC뉴스],784878,9603,1704,2026-06-14T07:00:24Z,_45BUJ2boBc,https://www.youtube.com/watch?v=_45BUJ2boBc
MBC뉴스,'그만해!' 4명 붙어도 난리.. 교도관들 얼굴 상처가.. #Shorts (MBC뉴스),756824,6235,2912,2026-06-22T09:00:11Z,W3O_f5huFkg,https://www.youtube.com/watch?v=W3O_f5huFkg
MBC뉴스,"일베 노래 나오자 '떼창'..멀찍이 떨어진 한 명, 왜? [뉴스.zip/MBC뉴스]",695683,10023,7143,2026-06-21T05:00:26Z,F5Gi_nPP1EQ,https://www.youtube.com/watch?v=F5Gi_nPP1EQ
MBC뉴스,자다가 머리맡이 '화끈'?..눈 떠보니 폰이 '타닥타닥' #Shorts (MBC뉴스),682430,3134,595,2026-06-21T08:17:16Z,uFf9ubasJEw,https://www.youtube.com/watch?v=uFf9ubasJEw
MBC뉴스,"[자막뉴스] ""일본 빼놓고 그냥 갔어?!"".. 젠슨 황 한국행에 '부들' (2026.06.14/MBC뉴스)",681878,7194,2165,2026-06-14T05:33:47Z,#NAME?,https://www.youtube.com/watch?v=-VlXP6JrnHw
MBC뉴스,"대전시 빚 1조 5천억‥ 인수위 ""사실상 파산 위기"" (2026.06.22/뉴스데스크/대전MBC)",660418,7829,3618,2026-06-23T03:00:39Z,idRLGSSv35w,https://www.youtube.com/watch?v=idRLGSSv35w
MBC뉴스,"""왜 일본 기업은 0 이지?""..존재감 없다며 '해부' #Shorts (MBC뉴스)",658697,4382,265,2026-06-17T09:09:19Z,kHUcjHZ33Ac,https://www.youtube.com/watch?v=kHUcjHZ33Ac
MBC뉴스,"[자막뉴스] 피해자 두고 밖으로 '우르르', '대소름 액션' 경찰들 결국‥ (2026.06.21/MBC뉴스)",645316,6250,3578,2026-06-21T08:28:23Z,N5zAtqrGL5w,https://www.youtube.com/watch?v=N5zAtqrGL5w
MBC뉴스,"""이게 중학생들이 할 짓이야?""..둑방 오른 아버지 '피눈물' [뉴스.zip/MBC뉴스]",643878,6929,5827,2026-06-13T03:06:52Z,Vl6dhpZxyJE,https://www.youtube.com/watch?v=Vl6dhpZxyJE
MBC뉴스,[뉴스 '꾹'] '받은 것 토해내고 5천 더'..금융치료 터졌다 '당혹' (2026.06.22/MBC뉴스),638328,8316,1390,2026-06-22T00:36:55Z,RO832Sl4Z-A,https://www.youtube.com/watch?v=RO832Sl4Z-A
MBC뉴스,"""박성웅이 거짓말할 이유가?"".. 임성근 '또 징역' 당혹 #Shorts (MBC뉴스)",628770,20192,1523,2026-06-11T08:55:22Z,bH5qI8E8XzE,https://www.youtube.com/watch?v=bH5qI8E8XzE
MBC뉴스,'준비자세' 하다 앞만 보고.. '날벼락 사고' 통화해보니 #Shorts (MBC뉴스),626697,11817,2596,2026-06-18T06:48:54Z,HuMQDZEkmz4,https://www.youtube.com/watch?v=HuMQDZEkmz4
MBC뉴스,"[뉴스 '꾹'] 촬영 끝나자 ""My Wife"", 트럼프 반응 봤더니.. (2026.06.17/MBC뉴스)",609243,9162,1435,2026-06-17T00:27:02Z,3lu37GtE-ZY,https://www.youtube.com/watch?v=3lu37GtE-ZY
MBC뉴스,미국이 전쟁 일으키고는‥'이란 재건' 450조는 한국 등이 맡아라? (2026.06.17/뉴스데스크/MBC),593044,4514,3632,2026-06-17T11:44:27Z,e8-EImKVZvI,https://www.youtube.com/watch?v=e8-EImKVZvI
MBC뉴스,"10년 만에 만난 '오뎅남' ""후회요? 딱 하나 있는데.."" [뉴스.zip/MBC뉴스]",584938,6770,3988,2026-06-20T07:00:12Z,jLLUjdzcMd8,https://www.youtube.com/watch?v=jLLUjdzcMd8
MBC뉴스,"[속보] 특검, '명태균 여론조사비 대납 의혹' 오세훈 서울시장 징역 1년 6개월 구형 - [MBC 뉴스속보] MBC뉴스 2026년 06월 17일",573332,10063,272,2026-06-18T00:25:29Z,71W5cxKWK6c,https://www.youtube.com/watch?v=71W5cxKWK6c
MBC뉴스,"당근 나오셨죠?..""근데 긴급체포합니다"" (2026.06.11/뉴스데스크/MBC)",569973,4920,1887,2026-06-11T11:40:04Z,clNYJlIH238,https://www.youtube.com/watch?v=clNYJlIH238
MBC뉴스,"'대오열' 박성재 사과에도.. ""진정성 없어"" 자른 이유 [뉴스.zip/MBC뉴스]",569947,19306,2500,2026-06-22T07:58:37Z,ONvL5g1CRow,https://www.youtube.com/watch?v=ONvL5g1CRow
MBC뉴스,헬스 트레이너랑 짜고 '자작극'?‥아빠 병원도 수사 (2026.06.18/뉴스데스크/MBC),555586,7757,4414,2026-06-18T11:51:29Z,4vSNCsfH6rs,https://www.youtube.com/watch?v=4vSNCsfH6rs
MBC뉴스,'두번 속겠냐' 등돌린 미국..무너진 네타냐후 '멘붕' [뉴스.zip/MBC뉴스],554729,4849,706,2026-06-23T23:43:22Z,r1PBnM0YxM8,https://www.youtube.com/watch?v=r1PBnM0YxM8
MBC뉴스,"""이 대통령은 강한 지도자""..90분 만찬하며 '셀카' #Shorts (MBC뉴스)",552987,32831,1256,2026-06-18T01:30:53Z,xaRZwZ6g7pw,https://www.youtube.com/watch?v=xaRZwZ6g7pw
MBC뉴스,"""반려동물 수영장 공사 중단""‥ 환경청 조사 착수 (2026.06.17/뉴스데스크/제주MBC)",532213,6911,4671,2026-06-18T03:00:23Z,UFbq62H6m0M,https://www.youtube.com/watch?v=UFbq62H6m0M
MBC뉴스,"[오늘 이 뉴스] '이게 순한 영상' 체육회 틀자, ""미쳤네 이XX"" 아수라장 (2026.06.15/MBC뉴스)",526923,8096,2784,2026-06-15T08:52:38Z,BbdMLmzI6eI,https://www.youtube.com/watch?v=BbdMLmzI6eI
MBC뉴스,[단독] '갤럭시' 휴대폰 충전 중 화재‥ 이틀 새 두 건 (2026.06.19/뉴스데스크/MBC충북),523589,4399,3109,2026-06-20T06:00:34Z,lXvjeTV3F5U,https://www.youtube.com/watch?v=lXvjeTV3F5U
MBC뉴스,무성했던 소문 '진짜였다'..경영진 빼고 다 '부글' [뉴스.zip/MBC뉴스],521119,4947,1281,2026-06-19T22:30:16Z,GWnAXmNF3Qc,https://www.youtube.com/watch?v=GWnAXmNF3Qc
MBC뉴스,[자막뉴스] 정조준 준비 '가방 풀스윙'.. 출근중 터진 결정적 한방 (2026.06.24/MBC뉴스),514464,4631,1018,2026-06-24T02:22:11Z,f84hgBinCbM,https://www.youtube.com/watch?v=f84hgBinCbM
MBC뉴스,"주한미군 폭행 '거구 미국인', 경찰한테 잡히자 오열? #Shorts (MBC뉴스)",500683,7321,801,2026-06-23T09:41:30Z,s9oYZ8ahuqQ,https://www.youtube.com/watch?v=s9oYZ8ahuqQ
YTN뉴스,줄 없이 던져진 여성 #shorts / YTN,5157859,23908,3434,2026-06-15T05:33:04Z,vbV-OfYybyE,https://www.youtube.com/watch?v=vbV-OfYybyE
YTN뉴스,사고 속출하는 설악산 #shorts / YTN,4826866,17873,4536,2026-06-16T08:21:51Z,7DWneSAib48,https://www.youtube.com/watch?v=7DWneSAib48
YTN뉴스,팬들에 다급한 경고 #shorts / YTN,2802157,16708,1184,2026-06-18T04:51:41Z,Xj_qR8NCMGs,https://www.youtube.com/watch?v=Xj_qR8NCMGs
YTN뉴스,성인 남성 누우니 '꽉' #shorts / YTN,2074595,5983,2651,2026-06-15T06:22:38Z,HcSc027Vd7U,https://www.youtube.com/watch?v=HcSc027Vd7U
YTN뉴스,'감성' 나누는 로봇? #shorts / YTN,1830304,5484,1419,2026-06-15T11:01:51Z,psEEZ7gvA8o,https://www.youtube.com/watch?v=psEEZ7gvA8o
YTN뉴스,"""트럼프 대체 왜 이러냐"" #shorts / YTN",1346716,12648,1300,2026-06-20T06:31:49Z,81yHclLzK-E,https://www.youtube.com/watch?v=81yHclLzK-E
YTN뉴스,"[자막뉴스] '왼쪽 다리' 발견된 송도 자원순환시설...""학생 추정"" 뒤집은 국과수 / YTN",1238851,6456,2612,2026-06-16T00:53:03Z,S-EETRR3lq8,https://www.youtube.com/watch?v=S-EETRR3lq8
YTN뉴스,'주사이모 논란' 이후... #shorts / YTN,1136693,4420,594,2026-06-15T08:31:51Z,kmtIylafW-M,https://www.youtube.com/watch?v=kmtIylafW-M
YTN뉴스,침수 차량 탈출하는 법 #shorts / YTN,1085362,2018,334,2026-06-20T06:03:11Z,GA7Pv_20kGI,https://www.youtube.com/watch?v=GA7Pv_20kGI
YTN뉴스,여기엔 어떻게 들어간 거야? #shorts / YTN,1062823,4670,154,2026-06-18T05:13:04Z,p1QVUXCyhyo,https://www.youtube.com/watch?v=p1QVUXCyhyo
YTN뉴스,결국 1위 찍어버린 테슬라 #shorts / YTN,996687,3320,860,2026-06-15T00:31:34Z,kPVB54ttDDw,https://www.youtube.com/watch?v=kPVB54ttDDw
YTN뉴스,[자막뉴스] 시도 때도 없이 '딸깍'...MZ 유행템 뜻밖의 민폐 논란 / YTN,817320,4917,2512,2026-06-16T04:21:52Z,KqvcblOBpPI,https://www.youtube.com/watch?v=KqvcblOBpPI
YTN뉴스,목숨 살린 '게이밍 PC' #shorts / YTN,798684,2580,181,2026-06-17T11:01:32Z,cyaCogEGkSk,https://www.youtube.com/watch?v=cyaCogEGkSk
YTN뉴스,참교육 '사이다' 가능할까 #shorts / YTN,791009,12243,2015,2026-06-15T04:52:02Z,n0RCdkYotHk,https://www.youtube.com/watch?v=n0RCdkYotHk
YTN뉴스,황당한 아파트 민원 #shorts / YTN,789642,11623,1180,2026-06-17T06:01:34Z,zI7gzkt_Rvs,https://www.youtube.com/watch?v=zI7gzkt_Rvs
YTN뉴스,동물병원의 황당한 실수 #shorts / YTN,766154,7099,917,2026-06-16T07:52:48Z,Hmt55WpJ0tc,https://www.youtube.com/watch?v=Hmt55WpJ0tc
YTN뉴스,대낮에 쓰러진 주한미군 #shorts / YTN,746610,2665,201,2026-06-24T11:01:43Z,bVq6eCM6bGg,https://www.youtube.com/watch?v=bVq6eCM6bGg
YTN뉴스,"[자막뉴스] ""전자담배는 괜찮다?"" 착각...내일부터 과태료 폭탄 시작 / YTN",701156,3304,3016,2026-06-23T05:02:17Z,md4T7-FG0Bw,https://www.youtube.com/watch?v=md4T7-FG0Bw
YTN뉴스,녹아버린 잠실 투표용지함? #shorts / YTN,697066,24638,1697,2026-06-23T07:41:41Z,BA3gEUEuLqE,https://www.youtube.com/watch?v=BA3gEUEuLqE
YTN뉴스,"""월드컵 최악의 경기"" #shorts / YTN",678106,9739,994,2026-06-25T07:11:41Z,kE3kbtoBRZs,https://www.youtube.com/watch?v=kE3kbtoBRZs
YTN뉴스,머스크의 비밀병기 '두뇌 칩' #shorts / YTN,648469,4742,476,2026-06-16T07:04:07Z,7KHS3eOSW0s,https://www.youtube.com/watch?v=7KHS3eOSW0s
YTN뉴스,FIFA의 '황당 제지' #shorts / YTN,622973,1629,129,2026-06-16T06:41:54Z,SHninfivQig,https://www.youtube.com/watch?v=SHninfivQig
YTN뉴스,반려견 사살한 美 경찰 #shorts / YTN,571861,6494,589,2026-06-16T07:02:31Z,YIM1Gj2mLRE,https://www.youtube.com/watch?v=YIM1Gj2mLRE
YTN뉴스,'중일 갈등' 건드렸다 #shorts / YTN,563265,1673,150,2026-06-18T02:01:52Z,32WiVelawP8,https://www.youtube.com/watch?v=32WiVelawP8
YTN뉴스,한국은 무비자인데 #shorts / YTN,541989,4403,436,2026-06-23T02:32:13Z,9VxWhtgq-Gc,https://www.youtube.com/watch?v=9VxWhtgq-Gc
YTN뉴스,"[날씨] ""장마, 시작도 안 해""...태풍까지 겹친다 / YTN",501541,1862,447,2026-06-20T06:18:03Z,TkIaptHGhds,https://www.youtube.com/watch?v=TkIaptHGhds
